Model,MAE,RMSE,R2
Gradient Boosting,0.47483767835544755,0.904696755925705,0.6643039408863602
Random Forest,0.47961680779944993,0.9210652324156072,0.6520467035102915
SVR,0.5014761897238661,0.9519253376009976,0.628339890744741
Lasso,0.6526797539950205,1.0842473502644532,0.5178336302746108
Ridge,0.6525299819116899,1.084334748995165,0.5177558944569856
Linear Regression,0.6524909318501246,1.0843571900619775,0.5177359334916332
